SKU,Component,Material,Class,Unit weight (g),Spec date
CCR-0001,Laminated valve bag,PL,P1,9.5,2025-01-06
CCR-0001,Degassing valve,PL,P1,0.4,2025-01-06
CCR-0001,Tin tie,ST,P1,0.6,2025-01-06
CCR-0001,Shipping case,PC,P3,22.0,2025-01-06
CCR-0002,Laminated valve bag,PL,P1,12.82,2024-03-11
CCR-0002,Degassing valve,PL,P1,0.54,2024-03-11
CCR-0002,Tin tie,ST,P1,0.81,2024-03-11
CCR-0002,Shipping case,PC,P3,29.7,2024-03-11
CCR-0002,Laminated valve bag,PL,P1,9.5,2025-01-06
CCR-0002,Degassing valve,PL,P1,0.4,2025-01-06
CCR-0002,Tin tie,ST,P1,0.6,2025-01-06
CCR-0002,Shipping case,PC,P3,22.0,2025-01-06
CCR-0003,Laminated valve bag,PL,P1,9.5,2025-01-06
CCR-0003,Degassing valve,PL,P1,0.4,2025-01-06
CCR-0003,Tin tie,ST,P1,0.6,2025-01-06
CCR-0003,Shipping case,PC,P3,22.0,2025-01-06
CCR-0004,Laminated valve bag,PL,P1,9.5,2025-01-06
CCR-0004,Degassing valve,PL,P1,0.4,2025-01-06
CCR-0004,Tin tie,ST,P1,0.6,2025-01-06
CCR-0004,Shipping case,PC,P3,22.0,2025-01-06
CCR-0005,Laminated valve bag,PL,P1,9.5,2025-01-06
CCR-0005,Degassing valve,PL,P1,0.4,2025-01-06
CCR-0005,Tin tie,ST,P1,0.6,2025-01-06
CCR-0005,Shipping case,PC,P3,22.0,2025-01-06
CCR-0006,Laminated valve bag,PL,P1,9.5,2025-01-06
CCR-0006,Degassing valve,PL,P1,0.4,2025-01-06
CCR-0006,Tin tie,ST,P1,0.6,2025-01-06
CCR-0006,Shipping case,PC,P3,22.0,2025-01-06
CCR-0007,Laminated valve bag,PL,P1,9.5,2025-01-06
CCR-0007,Degassing valve,PL,P1,0.4,2025-01-06
CCR-0007,Tin tie,ST,P1,0.6,2025-01-06
CCR-0007,Shipping case,PC,P3,22.0,2025-01-06
CCR-0008,Laminated valve bag,PL,P1,9.5,2025-01-06
CCR-0008,Degassing valve,PL,P1,0.4,2025-01-06
CCR-0008,Tin tie,ST,P1,0.6,2025-01-06
CCR-0008,Shipping case,PC,P3,22.0,2025-01-06
CCR-0009,Laminated valve bag,PL,P1,9.5,2025-01-06
CCR-0009,Degassing valve,PL,P1,0.4,2025-01-06
CCR-0009,Tin tie,ST,P1,0.6,2025-01-06
CCR-0009,Shipping case,PC,P3,22.0,2025-01-06
CCR-0010,Laminated valve bag,PL,P1,9.5,2025-01-06
CCR-0010,Degassing valve,PL,P1,0.4,2025-01-06
CCR-0010,Tin tie,ST,P1,0.6,2025-01-06
CCR-0010,Shipping case,PC,P3,22.0,2025-01-06
CCR-0011,Laminated valve bag,PL,P1,9.5,2025-01-06
CCR-0011,Degassing valve,PL,P1,0.4,2025-01-06
CCR-0011,Tin tie,ST,P1,0.6,2025-01-06
CCR-0011,Shipping case,PC,P3,22.0,2025-01-06
CCR-0012,Laminated valve bag,PL,P1,9.5,2025-01-06
CCR-0012,Degassing valve,PL,P1,0.4,2025-01-06
CCR-0012,Tin tie,ST,P1,0.6,2025-01-06
CCR-0012,Shipping case,PC,P3,22.0,2025-01-06
CCR-0013,Laminated valve bag,PL,P1,9.5,2025-01-06
CCR-0013,Degassing valve,PL,P1,0.4,2025-01-06
CCR-0013,Tin tie,ST,P1,0.6,2025-01-06
CCR-0013,Shipping case,PC,P3,22.0,2025-01-06
CCR-0014,Laminated valve bag,PL,P1,9.5,2025-01-06
CCR-0014,Degassing valve,PL,P1,0.4,2025-01-06
CCR-0014,Tin tie,ST,P1,0.6,2025-01-06
CCR-0014,Shipping case,PC,P3,22.0,2025-01-06
CCR-0015,Laminated valve bag,PL,P1,9.5,2025-01-06
CCR-0015,Degassing valve,PL,P1,0.4,2025-01-06
CCR-0015,Tin tie,ST,P1,0.6,2025-01-06
CCR-0015,Shipping case,PC,P3,22.0,2025-01-06
CCR-0016,Laminated valve bag,PL,P1,18.0,2025-01-06
CCR-0016,Degassing valve,PL,P1,0.4,2025-01-06
CCR-0016,Shipping case,PC,P3,60.0,2025-01-06
CCR-0017,Laminated valve bag,PL,P1,18.0,2025-01-06
CCR-0017,Degassing valve,PL,P1,0.4,2025-01-06
CCR-0017,Shipping case,PC,P3,60.0,2025-01-06
CCR-0018,Laminated valve bag,PL,P1,18.0,2025-01-06
CCR-0018,Degassing valve,PL,P1,0.4,2025-01-06
CCR-0018,Shipping case,PC,P3,60.0,2025-01-06
CCR-0019,Laminated valve bag,PL,P1,18.0,2025-01-06
CCR-0019,Degassing valve,PL,P1,0.4,2025-01-06
CCR-0019,Shipping case,PC,P3,60.0,2025-01-06
CCR-0020,Laminated valve bag,PL,P1,18.0,2025-01-06
CCR-0020,Degassing valve,PL,P1,0.4,2025-01-06
CCR-0020,Shipping case,PC,P3,60.0,2025-01-06
CCR-0021,Laminated valve bag,PL,P1,18.0,2025-01-06
CCR-0021,Degassing valve,PL,P1,0.4,2025-01-06
CCR-0021,Shipping case,PC,P3,60.0,2025-01-06
CCR-0022,Laminated valve bag,PL,P1,18.0,2025-01-06
CCR-0022,Degassing valve,PL,P1,0.4,2025-01-06
CCR-0022,Shipping case,PC,P3,60.0,2025-01-06
CCR-0023,Laminated valve bag,PL,P1,18.0,2025-01-06
CCR-0023,Degassing valve,PL,P1,0.4,2025-01-06
CCR-0023,Shipping case,PC,P3,60.0,2025-01-06
CCR-0024,Laminated valve bag,PL,P1,18.0,2025-01-06
CCR-0024,Degassing valve,PL,P1,0.4,2025-01-06
CCR-0024,Shipping case,PC,P3,60.0,2025-01-06
CCR-0025,Pod carton,PC,P1,30.0,2025-01-06
CCR-0025,Compostable pods,OT,P1,15.0,2025-01-06
CCR-0025,Shipping case,PC,P3,18.0,2025-01-06
CCR-0026,Pod carton,PC,P1,30.0,2025-01-06
CCR-0026,Compostable pods,OT,P1,15.0,2025-01-06
CCR-0026,Shipping case,PC,P3,18.0,2025-01-06
CCR-0027,Pod carton,PC,P1,30.0,2025-01-06
CCR-0027,Compostable pods,OT,P1,15.0,2025-01-06
CCR-0027,Shipping case,PC,P3,18.0,2025-01-06
CCR-0028,Pod carton,PC,P1,30.0,2025-01-06
CCR-0028,Aluminium capsules,AL,P1,10.0,2025-01-06
CCR-0028,Shipping case,PC,P3,18.0,2025-01-06
CCR-0029,Pod carton,PC,P1,30.0,2025-01-06
CCR-0029,Aluminium capsules,AL,P1,10.0,2025-01-06
CCR-0029,Shipping case,PC,P3,18.0,2025-01-06
CCR-0030,Gift box,PC,P1,85.0,2025-01-06
CCR-0030,Paper shred,PC,P1,10.0,2025-01-06
CCR-0030,Shipping case,PC,P3,40.0,2025-01-06
CCR-0031,Gift box,PC,P1,85.0,2025-01-06
CCR-0031,Paper shred,PC,P1,10.0,2025-01-06
CCR-0031,Shipping case,PC,P3,40.0,2025-01-06
CCR-0032,Gift box,PC,P1,85.0,2025-01-06
CCR-0032,Paper shred,PC,P1,10.0,2025-01-06
CCR-0032,Shipping case,PC,P3,40.0,2025-01-06
CCR-0033,Glass jar,GL,P1,160.0,2025-01-06
CCR-0033,Plastic lid,PL,P1,9.0,2025-01-06
CCR-0033,Shipping case,PC,P3,30.0,2025-01-06
CCR-0034,Glass jar,GL,P1,160.0,2025-01-06
CCR-0034,Plastic lid,PL,P1,9.0,2025-01-06
CCR-0034,Shipping case,PC,P3,30.0,2025-01-06
CCR-0035,Aluminium can,AL,P1,12.0,2025-01-06
CCR-0035,Shipping tray,PC,P3,8.0,2025-01-06
CCR-0036,Aluminium can,AL,P1,12.0,2025-01-06
CCR-0036,Shipping tray,PC,P3,8.0,2025-01-06
CCR-0037,Drip bag outer box,PC,P1,25.0,2025-01-06
CCR-0037,Foil sachets,PL,P1,8.0,2025-01-06
CCR-0037,Shipping case,PC,P3,12.0,2025-01-06
CCR-0039,Steel tin,ST,P1,95.0,2025-01-06
CCR-0039,Paper label,PC,P1,3.0,2025-01-06
CCR-0039,Shipping case,PC,P3,30.0,2025-01-06
CCR-0040,Steel tin,ST,P1,95.0,2025-01-06
CCR-0040,Paper label,PC,P1,3.0,2025-01-06
CCR-0040,Shipping case,PC,P3,30.0,2025-01-06
CCR-0041,Filter box,PC,P1,35.0,2025-01-06
CCR-0041,Shipping case,PC,P3,20.0,2025-01-06
CCR-0042,Glass bottle,GL,P1,230.0,2025-01-06
CCR-0042,Pump cap,PL,P1,25.0,2025-01-06
CCR-0042,Shipping case,PC,P3,40.0,2025-01-06
CCR-0043,Glass bottle,GL,P1,230.0,2025-01-06
CCR-0043,Pump cap,PL,P1,25.0,2025-01-06
CCR-0043,Shipping case,PC,P3,40.0,2025-01-06
