organisation_id,client_id,submission_period,packaging_activity,packaging_type,packaging_class,packaging_material,nation,packaging_material_weight_kg,packaging_material_units
107919,AVD,2025-H1,SO,HDC,P1,AL,EN,13709,945349.0
107919,AVD,2025-H1,SO,HDC,P1,AL,NI,510,35288.0
107919,AVD,2025-H1,SO,HDC,P1,AL,SC,1306,90048.0
107919,AVD,2025-H1,SO,HDC,P1,AL,WS,844,58225.0
107919,AVD,2025-H1,SO,HDC,P1,GL,EN,208825,1099079.0
107919,AVD,2025-H1,SO,HDC,P1,GL,NI,7689,40469.0
107919,AVD,2025-H1,SO,HDC,P1,GL,SC,20522,108019.0
107919,AVD,2025-H1,SO,HDC,P1,GL,WS,13099,68947.0
107919,AVD,2025-H1,SO,HDC,P1,PL,EN,52831,2515761.0
107919,AVD,2025-H1,SO,HDC,P1,PL,NI,1871,89077.0
107919,AVD,2025-H1,SO,HDC,P1,PL,SC,5199,247625.0
107919,AVD,2025-H1,SO,HDC,P1,PL,WS,3228,153602.0
107919,AVD,2025-H1,SO,HH,P1,PC,EN,1539,
107919,AVD,2025-H1,SO,HH,P1,PC,NI,57,
107919,AVD,2025-H1,SO,HH,P1,PC,SC,151,
107919,AVD,2025-H1,SO,HH,P1,PC,WS,97,
107919,AVD,2025-H1,SO,HH,P1,PL,EN,7297,
107919,AVD,2025-H1,SO,HH,P1,PL,NI,258,
107919,AVD,2025-H1,SO,HH,P1,PL,SC,719,
107919,AVD,2025-H1,SO,HH,P1,PL,WS,447,
107919,AVD,2025-H1,SO,HH,P1,ST,EN,2418,
107919,AVD,2025-H1,SO,HH,P1,ST,NI,88,
107919,AVD,2025-H1,SO,HH,P1,ST,SC,237,
107919,AVD,2025-H1,SO,HH,P1,ST,WS,152,
107919,AVD,2025-H1,SO,HH,P2,PC,EN,12640,
107919,AVD,2025-H1,SO,HH,P2,PC,NI,466,
107919,AVD,2025-H1,SO,HH,P2,PC,SC,1242,
107919,AVD,2025-H1,SO,HH,P2,PC,WS,793,
107919,AVD,2025-H1,SO,HH,P2,PL,EN,1040,
107919,AVD,2025-H1,SO,HH,P2,PL,NI,39,
107919,AVD,2025-H1,SO,HH,P2,PL,SC,101,
107919,AVD,2025-H1,SO,HH,P2,PL,WS,65,
107919,AVD,2025-H1,SO,NH,P1,PC,EN,750311,
107919,AVD,2025-H1,SO,NH,P1,PC,NI,26840,
107919,AVD,2025-H1,SO,NH,P1,PC,SC,67189,
107919,AVD,2025-H1,SO,NH,P1,PC,WS,42641,
107919,AVD,2025-H1,SO,NH,P1,PL,EN,207779,
107919,AVD,2025-H1,SO,NH,P1,PL,NI,7433,
107919,AVD,2025-H1,SO,NH,P1,PL,SC,18607,
107919,AVD,2025-H1,SO,NH,P1,PL,WS,11809,
107919,AVD,2025-H1,SO,NH,P3,PC,EN,15565,
107919,AVD,2025-H1,SO,NH,P3,PC,NI,576,
107919,AVD,2025-H1,SO,NH,P3,PC,SC,1512,
107919,AVD,2025-H1,SO,NH,P3,PC,WS,971,
107919,AVD,2025-H1,SO,NH,P3,PL,EN,6289,
107919,AVD,2025-H1,SO,NH,P3,PL,NI,223,
107919,AVD,2025-H1,SO,NH,P3,PL,SC,620,
107919,AVD,2025-H1,SO,NH,P3,PL,WS,385,
107919,AVD,2025-H1,SO,NH,P4,PL,EN,715,
107919,AVD,2025-H1,SO,NH,P4,PL,NI,26,
107919,AVD,2025-H1,SO,NH,P4,PL,SC,69,
107919,AVD,2025-H1,SO,NH,P4,PL,WS,44,
107919,AVD,2025-H1,SO,NH,P4,WD,EN,28858,
107919,AVD,2025-H1,SO,NH,P4,WD,NI,1033,
107919,AVD,2025-H1,SO,NH,P4,WD,SC,2584,
107919,AVD,2025-H1,SO,NH,P4,WD,WS,1640,
107919,AVD,2025-H2,SO,HDC,P1,AL,EN,15822,1091162.0
107919,AVD,2025-H2,SO,HDC,P1,AL,NI,529,36563.0
107919,AVD,2025-H2,SO,HDC,P1,AL,SC,1564,107863.0
107919,AVD,2025-H2,SO,HDC,P1,AL,WS,946,65221.0
107919,AVD,2025-H2,SO,HDC,P1,GL,EN,234890,1236265.0
107919,AVD,2025-H2,SO,HDC,P1,GL,NI,8211,43211.0
107919,AVD,2025-H2,SO,HDC,P1,GL,SC,21534,113338.0
107919,AVD,2025-H2,SO,HDC,P1,GL,WS,13355,70295.0
107919,AVD,2025-H2,SO,HDC,P1,PL,EN,62255,2964562.0
107919,AVD,2025-H2,SO,HDC,P1,PL,NI,2064,98286.0
107919,AVD,2025-H2,SO,HDC,P1,PL,SC,6091,290046.0
107919,AVD,2025-H2,SO,HDC,P1,PL,WS,3700,176188.0
107919,AVD,2025-H2,SO,HH,P1,PC,EN,1731,
107919,AVD,2025-H2,SO,HH,P1,PC,NI,61,
107919,AVD,2025-H2,SO,HH,P1,PC,SC,158,
107919,AVD,2025-H2,SO,HH,P1,PC,WS,98,
107919,AVD,2025-H2,SO,HH,P1,PL,EN,8600,
107919,AVD,2025-H2,SO,HH,P1,PL,NI,285,
107919,AVD,2025-H2,SO,HH,P1,PL,SC,841,
107919,AVD,2025-H2,SO,HH,P1,PL,WS,512,
107919,AVD,2025-H2,SO,HH,P1,ST,EN,2720,
107919,AVD,2025-H2,SO,HH,P1,ST,NI,96,
107919,AVD,2025-H2,SO,HH,P1,ST,SC,251,
107919,AVD,2025-H2,SO,HH,P1,ST,WS,155,
107919,AVD,2025-H2,SO,HH,P2,PC,EN,14218,
107919,AVD,2025-H2,SO,HH,P2,PC,NI,497,
107919,AVD,2025-H2,SO,HH,P2,PC,SC,1304,
107919,AVD,2025-H2,SO,HH,P2,PC,WS,810,
107919,AVD,2025-H2,SO,HH,P2,PL,EN,1199,
107919,AVD,2025-H2,SO,HH,P2,PL,NI,40,
107919,AVD,2025-H2,SO,HH,P2,PL,SC,118,
107919,AVD,2025-H2,SO,HH,P2,PL,WS,72,
107919,AVD,2025-H2,SO,NH,P1,PC,EN,793523,
107919,AVD,2025-H2,SO,NH,P1,PC,NI,26987,
107919,AVD,2025-H2,SO,NH,P1,PC,SC,76860,
107919,AVD,2025-H2,SO,NH,P1,PC,WS,45164,
107919,AVD,2025-H2,SO,NH,P1,PL,EN,219745,
107919,AVD,2025-H2,SO,NH,P1,PL,NI,7473,
107919,AVD,2025-H2,SO,NH,P1,PL,SC,21285,
107919,AVD,2025-H2,SO,NH,P1,PL,WS,12508,
107919,AVD,2025-H2,SO,NH,P3,PC,EN,17673,
107919,AVD,2025-H2,SO,NH,P3,PC,NI,609,
107919,AVD,2025-H2,SO,NH,P3,PC,SC,1666,
107919,AVD,2025-H2,SO,NH,P3,PC,WS,1024,
107919,AVD,2025-H2,SO,NH,P3,PL,EN,7410,
107919,AVD,2025-H2,SO,NH,P3,PL,NI,246,
107919,AVD,2025-H2,SO,NH,P3,PL,SC,724,
107919,AVD,2025-H2,SO,NH,P3,PL,WS,442,
107919,AVD,2025-H2,SO,NH,P4,PL,EN,814,
107919,AVD,2025-H2,SO,NH,P4,PL,NI,26,
107919,AVD,2025-H2,SO,NH,P4,PL,SC,79,
107919,AVD,2025-H2,SO,NH,P4,PL,WS,47,
107919,AVD,2025-H2,SO,NH,P4,WD,EN,30521,
107919,AVD,2025-H2,SO,NH,P4,WD,NI,1038,
107919,AVD,2025-H2,SO,NH,P4,WD,SC,2957,
107919,AVD,2025-H2,SO,NH,P4,WD,WS,1737,
123757,BBO,2025-H1,SO,HH,P1,AL,EN,2309,
123757,BBO,2025-H1,SO,HH,P1,AL,SC,154,
123757,BBO,2025-H1,SO,HH,P1,AL,WS,105,
123757,BBO,2025-H1,SO,HH,P1,GL,EN,18819,
123757,BBO,2025-H1,SO,HH,P1,GL,SC,1231,
123757,BBO,2025-H1,SO,HH,P1,GL,WS,843,
123757,BBO,2025-H1,SO,HH,P1,OT,EN,3491,
123757,BBO,2025-H1,SO,HH,P1,OT,SC,236,
123757,BBO,2025-H1,SO,HH,P1,OT,WS,154,
123757,BBO,2025-H1,SO,HH,P1,PC,EN,4771,
123757,BBO,2025-H1,SO,HH,P1,PC,SC,315,
123757,BBO,2025-H1,SO,HH,P1,PC,WS,216,
123757,BBO,2025-H1,SO,HH,P1,PL,EN,6079,
123757,BBO,2025-H1,SO,HH,P1,PL,SC,410,
123757,BBO,2025-H1,SO,HH,P1,PL,WS,272,
123757,BBO,2025-H1,SO,HH,P1,WD,EN,11539,
123757,BBO,2025-H1,SO,HH,P1,WD,SC,775,
123757,BBO,2025-H1,SO,HH,P1,WD,WS,521,
123757,BBO,2025-H1,SO,NH,P3,PC,EN,5671,
123757,BBO,2025-H1,SO,NH,P3,PC,SC,376,
123757,BBO,2025-H1,SO,NH,P3,PC,WS,249,
123757,BBO,2025-H2,SO,HH,P1,AL,EN,2450,
123757,BBO,2025-H2,SO,HH,P1,AL,SC,161,
123757,BBO,2025-H2,SO,HH,P1,AL,WS,108,
123757,BBO,2025-H2,SO,HH,P1,GL,EN,19788,
123757,BBO,2025-H2,SO,HH,P1,GL,SC,1326,
123757,BBO,2025-H2,SO,HH,P1,GL,WS,873,
123757,BBO,2025-H2,SO,HH,P1,OT,EN,3662,
123757,BBO,2025-H2,SO,HH,P1,OT,SC,251,
123757,BBO,2025-H2,SO,HH,P1,OT,WS,162,
123757,BBO,2025-H2,SO,HH,P1,PC,EN,5001,
123757,BBO,2025-H2,SO,HH,P1,PC,SC,332,
123757,BBO,2025-H2,SO,HH,P1,PC,WS,218,
123757,BBO,2025-H2,SO,HH,P1,PL,EN,6267,
123757,BBO,2025-H2,SO,HH,P1,PL,SC,421,
123757,BBO,2025-H2,SO,HH,P1,PL,WS,273,
123757,BBO,2025-H2,SO,HH,P1,WD,EN,11679,
123757,BBO,2025-H2,SO,HH,P1,WD,SC,780,
123757,BBO,2025-H2,SO,HH,P1,WD,WS,514,
123757,BBO,2025-H2,SO,NH,P3,PC,EN,5888,
123757,BBO,2025-H2,SO,NH,P3,PC,SC,397,
123757,BBO,2025-H2,SO,NH,P3,PC,WS,255,
131676,CBH,2025-H1,IM,HH,P1,PC,EN,87766,
131676,CBH,2025-H1,IM,HH,P1,PC,WS,37676,
131676,CBH,2025-H1,IM,HH,P1,PL,EN,5789,
131676,CBH,2025-H1,IM,HH,P1,PL,WS,2487,
131676,CBH,2025-H1,IM,HH,P1,ST,EN,516,
131676,CBH,2025-H1,IM,HH,P1,ST,WS,223,
131676,CBH,2025-H1,IM,NH,P3,PC,EN,39949,
131676,CBH,2025-H1,IM,NH,P3,PC,WS,17110,
131676,CBH,2025-H1,IM,NH,P4,WD,EN,5157,
131676,CBH,2025-H1,IM,NH,P4,WD,WS,2238,
131676,CBH,2025-H2,IM,HH,P1,PC,EN,92415,
131676,CBH,2025-H2,IM,HH,P1,PC,WS,39963,
131676,CBH,2025-H2,IM,HH,P1,PL,EN,6030,
131676,CBH,2025-H2,IM,HH,P1,PL,WS,2581,
131676,CBH,2025-H2,IM,HH,P1,ST,EN,551,
131676,CBH,2025-H2,IM,HH,P1,ST,WS,241,
131676,CBH,2025-H2,IM,NH,P3,PC,EN,41635,
131676,CBH,2025-H2,IM,NH,P3,PC,WS,17927,
131676,CBH,2025-H2,IM,NH,P4,WD,EN,5540,
131676,CBH,2025-H2,IM,NH,P4,WD,WS,2404,
147514,CCR,2025-H1,SO,HH,P1,AL,EN,407,
147514,CCR,2025-H1,SO,HH,P1,AL,SC,24,
147514,CCR,2025-H1,SO,HH,P1,AL,WS,32,
147514,CCR,2025-H1,SO,HH,P1,GL,EN,6210,
147514,CCR,2025-H1,SO,HH,P1,GL,SC,369,
147514,CCR,2025-H1,SO,HH,P1,GL,WS,536,
147514,CCR,2025-H1,SO,HH,P1,OT,EN,556,
147514,CCR,2025-H1,SO,HH,P1,OT,SC,29,
147514,CCR,2025-H1,SO,HH,P1,OT,WS,44,
147514,CCR,2025-H1,SO,HH,P1,PC,EN,3784,
147514,CCR,2025-H1,SO,HH,P1,PC,SC,212,
147514,CCR,2025-H1,SO,HH,P1,PC,WS,298,
147514,CCR,2025-H1,SO,HH,P1,PL,EN,3152,
147514,CCR,2025-H1,SO,HH,P1,PL,SC,186,
147514,CCR,2025-H1,SO,HH,P1,PL,WS,257,
147514,CCR,2025-H1,SO,HH,P1,ST,EN,1501,
147514,CCR,2025-H1,SO,HH,P1,ST,SC,81,
147514,CCR,2025-H1,SO,HH,P1,ST,WS,105,
147514,CCR,2025-H1,SO,NH,P1,GL,EN,5230,
147514,CCR,2025-H1,SO,NH,P1,GL,SC,297,
147514,CCR,2025-H1,SO,NH,P1,GL,WS,413,
147514,CCR,2025-H1,SO,NH,P1,PL,EN,2498,
147514,CCR,2025-H1,SO,NH,P1,PL,SC,144,
147514,CCR,2025-H1,SO,NH,P1,PL,WS,198,
147514,CCR,2025-H1,SO,NH,P3,PC,EN,16908,
147514,CCR,2025-H1,SO,NH,P3,PC,SC,980,
147514,CCR,2025-H1,SO,NH,P3,PC,WS,1354,
147514,CCR,2025-H2,SO,HH,P1,AL,EN,419,
147514,CCR,2025-H2,SO,HH,P1,AL,SC,25,
147514,CCR,2025-H2,SO,HH,P1,AL,WS,32,
147514,CCR,2025-H2,SO,HH,P1,GL,EN,7120,
147514,CCR,2025-H2,SO,HH,P1,GL,SC,407,
147514,CCR,2025-H2,SO,HH,P1,GL,WS,558,
147514,CCR,2025-H2,SO,HH,P1,OT,EN,525,
147514,CCR,2025-H2,SO,HH,P1,OT,SC,32,
147514,CCR,2025-H2,SO,HH,P1,OT,WS,46,
147514,CCR,2025-H2,SO,HH,P1,PC,EN,3736,
147514,CCR,2025-H2,SO,HH,P1,PC,SC,217,
147514,CCR,2025-H2,SO,HH,P1,PC,WS,292,
147514,CCR,2025-H2,SO,HH,P1,PL,EN,3547,
147514,CCR,2025-H2,SO,HH,P1,PL,SC,203,
147514,CCR,2025-H2,SO,HH,P1,PL,WS,283,
147514,CCR,2025-H2,SO,HH,P1,ST,EN,1616,
147514,CCR,2025-H2,SO,HH,P1,ST,SC,81,
147514,CCR,2025-H2,SO,HH,P1,ST,WS,128,
147514,CCR,2025-H2,SO,NH,P1,GL,EN,5375,
147514,CCR,2025-H2,SO,NH,P1,GL,SC,303,
147514,CCR,2025-H2,SO,NH,P1,GL,WS,442,
147514,CCR,2025-H2,SO,NH,P1,PL,EN,2479,
147514,CCR,2025-H2,SO,NH,P1,PL,SC,142,
147514,CCR,2025-H2,SO,NH,P1,PL,WS,204,
147514,CCR,2025-H2,SO,NH,P3,PC,EN,17761,
147514,CCR,2025-H2,SO,NH,P3,PC,SC,1016,
147514,CCR,2025-H2,SO,NH,P3,PC,WS,1435,
155433,GGS,2025-H1,IM,HH,P1,PC,EN,99474,
155433,GGS,2025-H1,IM,HH,P1,PC,NI,3492,
155433,GGS,2025-H1,IM,HH,P1,PC,SC,9277,
155433,GGS,2025-H1,IM,HH,P1,PC,WS,5847,
155433,GGS,2025-H1,IM,HH,P1,PL,EN,73175,
155433,GGS,2025-H1,IM,HH,P1,PL,NI,2614,
155433,GGS,2025-H1,IM,HH,P1,PL,SC,6895,
155433,GGS,2025-H1,IM,HH,P1,PL,WS,4271,
155433,GGS,2025-H1,IM,HH,P2,PC,EN,2016,
155433,GGS,2025-H1,IM,HH,P2,PC,NI,72,
155433,GGS,2025-H1,IM,HH,P2,PC,SC,194,
155433,GGS,2025-H1,IM,HH,P2,PC,WS,119,
155433,GGS,2025-H1,IM,NH,P3,PC,EN,45786,
155433,GGS,2025-H1,IM,NH,P3,PC,NI,1616,
155433,GGS,2025-H1,IM,NH,P3,PC,SC,4286,
155433,GGS,2025-H1,IM,NH,P3,PC,WS,2683,
155433,GGS,2025-H1,IM,NH,P4,PL,EN,138,
155433,GGS,2025-H1,IM,NH,P4,PL,NI,6,
155433,GGS,2025-H1,IM,NH,P4,PL,SC,12,
155433,GGS,2025-H1,IM,NH,P4,PL,WS,6,
155433,GGS,2025-H1,IM,NH,P4,WD,EN,13632,
155433,GGS,2025-H1,IM,NH,P4,WD,NI,484,
155433,GGS,2025-H1,IM,NH,P4,WD,SC,1305,
155433,GGS,2025-H1,IM,NH,P4,WD,WS,799,
155433,GGS,2025-H2,IM,HH,P1,PC,EN,101558,
155433,GGS,2025-H2,IM,HH,P1,PC,NI,3630,
155433,GGS,2025-H2,IM,HH,P1,PC,SC,10034,
155433,GGS,2025-H2,IM,HH,P1,PC,WS,6147,
155433,GGS,2025-H2,IM,HH,P1,PL,EN,74375,
155433,GGS,2025-H2,IM,HH,P1,PL,NI,2648,
155433,GGS,2025-H2,IM,HH,P1,PL,SC,7007,
155433,GGS,2025-H2,IM,HH,P1,PL,WS,4390,
155433,GGS,2025-H2,IM,HH,P2,PC,EN,2092,
155433,GGS,2025-H2,IM,HH,P2,PC,NI,70,
155433,GGS,2025-H2,IM,HH,P2,PC,SC,197,
155433,GGS,2025-H2,IM,HH,P2,PC,WS,123,
155433,GGS,2025-H2,IM,NH,P3,PC,EN,46588,
155433,GGS,2025-H2,IM,NH,P3,PC,NI,1662,
155433,GGS,2025-H2,IM,NH,P3,PC,SC,4504,
155433,GGS,2025-H2,IM,NH,P3,PC,WS,2782,
155433,GGS,2025-H2,IM,NH,P4,PL,EN,141,
155433,GGS,2025-H2,IM,NH,P4,PL,NI,6,
155433,GGS,2025-H2,IM,NH,P4,PL,SC,12,
155433,GGS,2025-H2,IM,NH,P4,PL,WS,6,
155433,GGS,2025-H2,IM,NH,P4,WD,EN,14036,
155433,GGS,2025-H2,IM,NH,P4,WD,NI,501,
155433,GGS,2025-H2,IM,NH,P4,WD,SC,1343,
155433,GGS,2025-H2,IM,NH,P4,WD,WS,853,
139595,MDC,2025-H1,PF,HH,P1,AL,EN,13640,
139595,MDC,2025-H1,PF,HH,P1,FC,EN,145072,
139595,MDC,2025-H1,PF,HH,P1,PL,EN,434416,
139595,MDC,2025-H1,PF,HH,P2,PC,EN,93183,
139595,MDC,2025-H1,PF,NH,P1,PC,EN,179703,
139595,MDC,2025-H1,PF,NH,P1,PL,EN,43128,
139595,MDC,2025-H1,PF,NH,P3,PC,EN,325386,
139595,MDC,2025-H1,PF,NH,P3,PL,EN,4619,
139595,MDC,2025-H1,PF,NH,P4,PL,EN,2156,
139595,MDC,2025-H2,PF,HH,P1,AL,EN,14735,
139595,MDC,2025-H2,PF,HH,P1,FC,EN,156290,
139595,MDC,2025-H2,PF,HH,P1,PL,EN,460483,
139595,MDC,2025-H2,PF,HH,P2,PC,EN,101077,
139595,MDC,2025-H2,PF,NH,P1,PC,EN,203372,
139595,MDC,2025-H2,PF,NH,P1,PL,EN,48809,
139595,MDC,2025-H2,PF,NH,P3,PC,EN,340438,
139595,MDC,2025-H2,PF,NH,P3,PL,EN,4889,
139595,MDC,2025-H2,PF,NH,P4,PL,EN,2440,
163352,SPF,2025-H1,SO,HH,P1,AL,EN,12929,
163352,SPF,2025-H1,SO,HH,P1,AL,NI,457,
163352,SPF,2025-H1,SO,HH,P1,AL,SC,1290,
163352,SPF,2025-H1,SO,HH,P1,AL,WS,780,
163352,SPF,2025-H1,SO,HH,P1,PC,EN,2862,
163352,SPF,2025-H1,SO,HH,P1,PC,NI,100,
163352,SPF,2025-H1,SO,HH,P1,PC,SC,275,
163352,SPF,2025-H1,SO,HH,P1,PC,WS,164,
163352,SPF,2025-H1,SO,HH,P1,PL,EN,90434,
163352,SPF,2025-H1,SO,HH,P1,PL,NI,3215,
163352,SPF,2025-H1,SO,HH,P1,PL,SC,8875,
163352,SPF,2025-H1,SO,HH,P1,PL,WS,5394,
163352,SPF,2025-H1,SO,HH,P1,ST,EN,78684,
163352,SPF,2025-H1,SO,HH,P1,ST,NI,2759,
163352,SPF,2025-H1,SO,HH,P1,ST,SC,7517,
163352,SPF,2025-H1,SO,HH,P1,ST,WS,4505,
163352,SPF,2025-H1,SO,HH,P2,PC,EN,6463,
163352,SPF,2025-H1,SO,HH,P2,PC,NI,228,
163352,SPF,2025-H1,SO,HH,P2,PC,SC,644,
163352,SPF,2025-H1,SO,HH,P2,PC,WS,389,
163352,SPF,2025-H1,SO,NH,P1,PC,EN,189377,
163352,SPF,2025-H1,SO,NH,P1,PC,NI,6795,
163352,SPF,2025-H1,SO,NH,P1,PC,SC,17956,
163352,SPF,2025-H1,SO,NH,P1,PC,WS,11207,
163352,SPF,2025-H1,SO,NH,P3,PC,EN,136916,
163352,SPF,2025-H1,SO,NH,P3,PC,NI,4862,
163352,SPF,2025-H1,SO,NH,P3,PC,SC,13484,
163352,SPF,2025-H1,SO,NH,P3,PC,WS,8180,
163352,SPF,2025-H1,SO,NH,P3,PL,EN,2146,
163352,SPF,2025-H1,SO,NH,P3,PL,NI,74,
163352,SPF,2025-H1,SO,NH,P3,PL,SC,205,
163352,SPF,2025-H1,SO,NH,P3,PL,WS,124,
163352,SPF,2025-H1,SO,NH,P4,PL,EN,5057,
163352,SPF,2025-H1,SO,NH,P4,PL,NI,183,
163352,SPF,2025-H1,SO,NH,P4,PL,SC,484,
163352,SPF,2025-H1,SO,NH,P4,PL,WS,298,
163352,SPF,2025-H2,SO,HH,P1,AL,EN,13721,
163352,SPF,2025-H2,SO,HH,P1,AL,NI,508,
163352,SPF,2025-H2,SO,HH,P1,AL,SC,1347,
163352,SPF,2025-H2,SO,HH,P1,AL,WS,829,
163352,SPF,2025-H2,SO,HH,P1,PC,EN,2994,
163352,SPF,2025-H2,SO,HH,P1,PC,NI,106,
163352,SPF,2025-H2,SO,HH,P1,PC,SC,287,
163352,SPF,2025-H2,SO,HH,P1,PC,WS,175,
163352,SPF,2025-H2,SO,HH,P1,PL,EN,98092,
163352,SPF,2025-H2,SO,HH,P1,PL,NI,3633,
163352,SPF,2025-H2,SO,HH,P1,PL,SC,9323,
163352,SPF,2025-H2,SO,HH,P1,PL,WS,5733,
163352,SPF,2025-H2,SO,HH,P1,ST,EN,82371,
163352,SPF,2025-H2,SO,HH,P1,ST,NI,2940,
163352,SPF,2025-H2,SO,HH,P1,ST,SC,7881,
163352,SPF,2025-H2,SO,HH,P1,ST,WS,4822,
163352,SPF,2025-H2,SO,HH,P2,PC,EN,6860,
163352,SPF,2025-H2,SO,HH,P2,PC,NI,254,
163352,SPF,2025-H2,SO,HH,P2,PC,SC,674,
163352,SPF,2025-H2,SO,HH,P2,PC,WS,414,
163352,SPF,2025-H2,SO,NH,P1,PC,EN,203913,
163352,SPF,2025-H2,SO,NH,P1,PC,NI,7481,
163352,SPF,2025-H2,SO,NH,P1,PC,SC,19878,
163352,SPF,2025-H2,SO,NH,P1,PC,WS,12171,
163352,SPF,2025-H2,SO,NH,P3,PC,EN,148138,
163352,SPF,2025-H2,SO,NH,P3,PC,NI,5498,
163352,SPF,2025-H2,SO,NH,P3,PC,SC,14151,
163352,SPF,2025-H2,SO,NH,P3,PC,WS,8693,
163352,SPF,2025-H2,SO,NH,P3,PL,EN,2243,
163352,SPF,2025-H2,SO,NH,P3,PL,NI,80,
163352,SPF,2025-H2,SO,NH,P3,PL,SC,214,
163352,SPF,2025-H2,SO,NH,P3,PL,WS,131,
163352,SPF,2025-H2,SO,NH,P4,PL,EN,5458,
163352,SPF,2025-H2,SO,NH,P4,PL,NI,203,
163352,SPF,2025-H2,SO,NH,P4,PL,SC,530,
163352,SPF,2025-H2,SO,NH,P4,PL,WS,324,
115838,SSN,2025-H1,SO,HH,P1,AL,EN,1805,
115838,SSN,2025-H1,SO,HH,P1,AL,NI,64,
115838,SSN,2025-H1,SO,HH,P1,AL,SC,169,
115838,SSN,2025-H1,SO,HH,P1,AL,WS,110,
115838,SSN,2025-H1,SO,HH,P1,FC,EN,33679,
115838,SSN,2025-H1,SO,HH,P1,FC,NI,1171,
115838,SSN,2025-H1,SO,HH,P1,FC,SC,3168,
115838,SSN,2025-H1,SO,HH,P1,FC,WS,2042,
115838,SSN,2025-H1,SO,HH,P1,PC,EN,2119,
115838,SSN,2025-H1,SO,HH,P1,PC,NI,75,
115838,SSN,2025-H1,SO,HH,P1,PC,SC,191,
115838,SSN,2025-H1,SO,HH,P1,PC,WS,124,
115838,SSN,2025-H1,SO,HH,P1,PL,EN,20376,
115838,SSN,2025-H1,SO,HH,P1,PL,NI,718,
115838,SSN,2025-H1,SO,HH,P1,PL,SC,1960,
115838,SSN,2025-H1,SO,HH,P1,PL,WS,1217,
115838,SSN,2025-H1,SO,HH,P1,ST,EN,47669,
115838,SSN,2025-H1,SO,HH,P1,ST,NI,1692,
115838,SSN,2025-H1,SO,HH,P1,ST,SC,4276,
115838,SSN,2025-H1,SO,HH,P1,ST,WS,2792,
115838,SSN,2025-H1,SO,HH,P2,PL,EN,8792,
115838,SSN,2025-H1,SO,HH,P2,PL,NI,312,
115838,SSN,2025-H1,SO,HH,P2,PL,SC,865,
115838,SSN,2025-H1,SO,HH,P2,PL,WS,534,
115838,SSN,2025-H1,SO,NH,P1,PC,EN,94592,
115838,SSN,2025-H1,SO,NH,P1,PC,NI,3537,
115838,SSN,2025-H1,SO,NH,P1,PC,SC,9312,
115838,SSN,2025-H1,SO,NH,P1,PC,WS,5905,
115838,SSN,2025-H1,SO,NH,P1,PL,EN,9459,
115838,SSN,2025-H1,SO,NH,P1,PL,NI,354,
115838,SSN,2025-H1,SO,NH,P1,PL,SC,931,
115838,SSN,2025-H1,SO,NH,P1,PL,WS,590,
115838,SSN,2025-H1,SO,NH,P3,PC,EN,127911,
115838,SSN,2025-H1,SO,NH,P3,PC,NI,4519,
115838,SSN,2025-H1,SO,NH,P3,PC,SC,12051,
115838,SSN,2025-H1,SO,NH,P3,PC,WS,7596,
115838,SSN,2025-H1,SO,NH,P4,PL,EN,871,
115838,SSN,2025-H1,SO,NH,P4,PL,NI,33,
115838,SSN,2025-H1,SO,NH,P4,PL,SC,85,
115838,SSN,2025-H1,SO,NH,P4,PL,WS,52,
115838,SSN,2025-H2,SO,HH,P1,AL,EN,1820,
115838,SSN,2025-H2,SO,HH,P1,AL,NI,67,
115838,SSN,2025-H2,SO,HH,P1,AL,SC,179,
115838,SSN,2025-H2,SO,HH,P1,AL,WS,109,
115838,SSN,2025-H2,SO,HH,P1,FC,EN,33953,
115838,SSN,2025-H2,SO,HH,P1,FC,NI,1217,
115838,SSN,2025-H2,SO,HH,P1,FC,SC,3349,
115838,SSN,2025-H2,SO,HH,P1,FC,WS,2043,
115838,SSN,2025-H2,SO,HH,P1,PC,EN,2089,
115838,SSN,2025-H2,SO,HH,P1,PC,NI,74,
115838,SSN,2025-H2,SO,HH,P1,PC,SC,201,
115838,SSN,2025-H2,SO,HH,P1,PC,WS,126,
115838,SSN,2025-H2,SO,HH,P1,PL,EN,21302,
115838,SSN,2025-H2,SO,HH,P1,PL,NI,737,
115838,SSN,2025-H2,SO,HH,P1,PL,SC,2024,
115838,SSN,2025-H2,SO,HH,P1,PL,WS,1273,
115838,SSN,2025-H2,SO,HH,P1,ST,EN,46995,
115838,SSN,2025-H2,SO,HH,P1,ST,NI,1685,
115838,SSN,2025-H2,SO,HH,P1,ST,SC,4524,
115838,SSN,2025-H2,SO,HH,P1,ST,WS,2849,
115838,SSN,2025-H2,SO,HH,P2,PL,EN,9227,
115838,SSN,2025-H2,SO,HH,P2,PL,NI,319,
115838,SSN,2025-H2,SO,HH,P2,PL,SC,876,
115838,SSN,2025-H2,SO,HH,P2,PL,WS,569,
115838,SSN,2025-H2,SO,NH,P1,PC,EN,105206,
115838,SSN,2025-H2,SO,NH,P1,PC,NI,3688,
115838,SSN,2025-H2,SO,NH,P1,PC,SC,10004,
115838,SSN,2025-H2,SO,NH,P1,PC,WS,6350,
115838,SSN,2025-H2,SO,NH,P1,PL,EN,10522,
115838,SSN,2025-H2,SO,NH,P1,PL,NI,368,
115838,SSN,2025-H2,SO,NH,P1,PL,SC,1000,
115838,SSN,2025-H2,SO,NH,P1,PL,WS,635,
115838,SSN,2025-H2,SO,NH,P3,PC,EN,131618,
115838,SSN,2025-H2,SO,NH,P3,PC,NI,4599,
115838,SSN,2025-H2,SO,NH,P3,PC,SC,12546,
115838,SSN,2025-H2,SO,NH,P3,PC,WS,7880,
115838,SSN,2025-H2,SO,NH,P4,PL,EN,927,
115838,SSN,2025-H2,SO,NH,P4,PL,NI,32,
115838,SSN,2025-H2,SO,NH,P4,PL,SC,88,
115838,SSN,2025-H2,SO,NH,P4,PL,WS,55,
