organisation_id,client_id,submission_period,packaging_activity,packaging_type,packaging_class,packaging_material,nation,packaging_material_weight_kg
107919,AVD,2024-H1,SO,HDC,P1,AL,EN,10259
107919,AVD,2024-H1,SO,HDC,P1,AL,NI,378
107919,AVD,2024-H1,SO,HDC,P1,AL,SC,967
107919,AVD,2024-H1,SO,HDC,P1,AL,WS,620
107919,AVD,2024-H1,SO,HDC,P1,GL,EN,263112
107919,AVD,2024-H1,SO,HDC,P1,GL,NI,9391
107919,AVD,2024-H1,SO,HDC,P1,GL,SC,25813
107919,AVD,2024-H1,SO,HDC,P1,GL,WS,16294
107919,AVD,2024-H1,SO,HDC,P1,PL,EN,53413
107919,AVD,2024-H1,SO,HDC,P1,PL,NI,1758
107919,AVD,2024-H1,SO,HDC,P1,PL,SC,5110
107919,AVD,2024-H1,SO,HDC,P1,PL,WS,3117
107919,AVD,2024-H1,SO,HH,P1,PC,EN,1489
107919,AVD,2024-H1,SO,HH,P1,PC,NI,56
107919,AVD,2024-H1,SO,HH,P1,PC,SC,141
107919,AVD,2024-H1,SO,HH,P1,PC,WS,96
107919,AVD,2024-H1,SO,HH,P1,PL,EN,7081
107919,AVD,2024-H1,SO,HH,P1,PL,NI,251
107919,AVD,2024-H1,SO,HH,P1,PL,SC,694
107919,AVD,2024-H1,SO,HH,P1,PL,WS,418
107919,AVD,2024-H1,SO,HH,P1,ST,EN,2367
107919,AVD,2024-H1,SO,HH,P1,ST,NI,85
107919,AVD,2024-H1,SO,HH,P1,ST,SC,227
107919,AVD,2024-H1,SO,HH,P1,ST,WS,154
107919,AVD,2024-H1,SO,HH,P2,PC,EN,12373
107919,AVD,2024-H1,SO,HH,P2,PC,NI,449
107919,AVD,2024-H1,SO,HH,P2,PC,SC,1167
107919,AVD,2024-H1,SO,HH,P2,PC,WS,777
107919,AVD,2024-H1,SO,HH,P2,PL,EN,1020
107919,AVD,2024-H1,SO,HH,P2,PL,NI,38
107919,AVD,2024-H1,SO,HH,P2,PL,SC,97
107919,AVD,2024-H1,SO,HH,P2,PL,WS,64
107919,AVD,2024-H1,SO,NH,P1,PC,EN,715370
107919,AVD,2024-H1,SO,NH,P1,PC,NI,25527
107919,AVD,2024-H1,SO,NH,P1,PC,SC,63907
107919,AVD,2024-H1,SO,NH,P1,PC,WS,41367
107919,AVD,2024-H1,SO,NH,P1,PL,EN,205626
107919,AVD,2024-H1,SO,NH,P1,PL,NI,7471
107919,AVD,2024-H1,SO,NH,P1,PL,SC,18107
107919,AVD,2024-H1,SO,NH,P1,PL,WS,11277
107919,AVD,2024-H1,SO,NH,P3,PC,EN,14956
107919,AVD,2024-H1,SO,NH,P3,PC,NI,534
107919,AVD,2024-H1,SO,NH,P3,PC,SC,1422
107919,AVD,2024-H1,SO,NH,P3,PC,WS,949
107919,AVD,2024-H1,SO,NH,P3,PL,EN,6355
107919,AVD,2024-H1,SO,NH,P3,PL,NI,220
107919,AVD,2024-H1,SO,NH,P3,PL,SC,609
107919,AVD,2024-H1,SO,NH,P3,PL,WS,374
107919,AVD,2024-H1,SO,NH,P4,PL,EN,701
107919,AVD,2024-H1,SO,NH,P4,PL,NI,25
107919,AVD,2024-H1,SO,NH,P4,PL,SC,68
107919,AVD,2024-H1,SO,NH,P4,PL,WS,42
107919,AVD,2024-H1,SO,NH,P4,WD,EN,27758
107919,AVD,2024-H1,SO,NH,P4,WD,NI,962
107919,AVD,2024-H1,SO,NH,P4,WD,SC,2397
107919,AVD,2024-H1,SO,NH,P4,WD,WS,1606
107919,AVD,2024-H2,SO,HDC,P1,AL,EN,12404
107919,AVD,2024-H2,SO,HDC,P1,AL,NI,393
107919,AVD,2024-H2,SO,HDC,P1,AL,SC,1158
107919,AVD,2024-H2,SO,HDC,P1,AL,WS,719
107919,AVD,2024-H2,SO,HDC,P1,GL,EN,285732
107919,AVD,2024-H2,SO,HDC,P1,GL,NI,9940
107919,AVD,2024-H2,SO,HDC,P1,GL,SC,27301
107919,AVD,2024-H2,SO,HDC,P1,GL,WS,17164
107919,AVD,2024-H2,SO,HDC,P1,PL,EN,61668
107919,AVD,2024-H2,SO,HDC,P1,PL,NI,2013
107919,AVD,2024-H2,SO,HDC,P1,PL,SC,6175
107919,AVD,2024-H2,SO,HDC,P1,PL,WS,3585
107919,AVD,2024-H2,SO,HH,P1,PC,EN,1654
107919,AVD,2024-H2,SO,HH,P1,PC,NI,58
107919,AVD,2024-H2,SO,HH,P1,PC,SC,148
107919,AVD,2024-H2,SO,HH,P1,PC,WS,93
107919,AVD,2024-H2,SO,HH,P1,PL,EN,8399
107919,AVD,2024-H2,SO,HH,P1,PL,NI,278
107919,AVD,2024-H2,SO,HH,P1,PL,SC,833
107919,AVD,2024-H2,SO,HH,P1,PL,WS,495
107919,AVD,2024-H2,SO,HH,P1,ST,EN,2759
107919,AVD,2024-H2,SO,HH,P1,ST,NI,94
107919,AVD,2024-H2,SO,HH,P1,ST,SC,243
107919,AVD,2024-H2,SO,HH,P1,ST,WS,150
107919,AVD,2024-H2,SO,HH,P2,PC,EN,13507
107919,AVD,2024-H2,SO,HH,P2,PC,NI,474
107919,AVD,2024-H2,SO,HH,P2,PC,SC,1259
107919,AVD,2024-H2,SO,HH,P2,PC,WS,778
107919,AVD,2024-H2,SO,HH,P2,PL,EN,1200
107919,AVD,2024-H2,SO,HH,P2,PL,NI,39
107919,AVD,2024-H2,SO,HH,P2,PL,SC,117
107919,AVD,2024-H2,SO,HH,P2,PL,WS,71
107919,AVD,2024-H2,SO,NH,P1,PC,EN,769952
107919,AVD,2024-H2,SO,NH,P1,PC,NI,25484
107919,AVD,2024-H2,SO,NH,P1,PC,SC,74924
107919,AVD,2024-H2,SO,NH,P1,PC,WS,42399
107919,AVD,2024-H2,SO,NH,P1,PL,EN,224633
107919,AVD,2024-H2,SO,NH,P1,PL,NI,7091
107919,AVD,2024-H2,SO,NH,P1,PL,SC,20648
107919,AVD,2024-H2,SO,NH,P1,PL,WS,12227
107919,AVD,2024-H2,SO,NH,P3,PC,EN,17444
107919,AVD,2024-H2,SO,NH,P3,PC,NI,604
107919,AVD,2024-H2,SO,NH,P3,PC,SC,1565
107919,AVD,2024-H2,SO,NH,P3,PC,WS,1005
107919,AVD,2024-H2,SO,NH,P3,PL,EN,7049
107919,AVD,2024-H2,SO,NH,P3,PL,NI,250
107919,AVD,2024-H2,SO,NH,P3,PL,SC,702
107919,AVD,2024-H2,SO,NH,P3,PL,WS,438
107919,AVD,2024-H2,SO,NH,P4,PL,EN,801
107919,AVD,2024-H2,SO,NH,P4,PL,NI,25
107919,AVD,2024-H2,SO,NH,P4,PL,SC,77
107919,AVD,2024-H2,SO,NH,P4,PL,WS,46
107919,AVD,2024-H2,SO,NH,P4,WD,EN,28569
107919,AVD,2024-H2,SO,NH,P4,WD,NI,1003
107919,AVD,2024-H2,SO,NH,P4,WD,SC,2826
107919,AVD,2024-H2,SO,NH,P4,WD,WS,1639
123757,BBO,2024-H1,SO,HH,P1,AL,EN,2285
123757,BBO,2024-H1,SO,HH,P1,AL,SC,147
123757,BBO,2024-H1,SO,HH,P1,AL,WS,98
123757,BBO,2024-H1,SO,HH,P1,GL,EN,20325
123757,BBO,2024-H1,SO,HH,P1,GL,SC,1286
123757,BBO,2024-H1,SO,HH,P1,GL,WS,900
123757,BBO,2024-H1,SO,HH,P1,OT,EN,3361
123757,BBO,2024-H1,SO,HH,P1,OT,SC,238
123757,BBO,2024-H1,SO,HH,P1,OT,WS,152
123757,BBO,2024-H1,SO,HH,P1,PC,EN,5019
123757,BBO,2024-H1,SO,HH,P1,PC,SC,323
123757,BBO,2024-H1,SO,HH,P1,PC,WS,220
123757,BBO,2024-H1,SO,HH,P1,PL,EN,6382
123757,BBO,2024-H1,SO,HH,P1,PL,SC,436
123757,BBO,2024-H1,SO,HH,P1,PL,WS,290
123757,BBO,2024-H1,SO,HH,P1,WD,EN,11983
123757,BBO,2024-H1,SO,HH,P1,WD,SC,785
123757,BBO,2024-H1,SO,HH,P1,WD,WS,541
123757,BBO,2024-H1,SO,NH,P3,PC,EN,5753
123757,BBO,2024-H1,SO,NH,P3,PC,SC,387
123757,BBO,2024-H1,SO,NH,P3,PC,WS,253
123757,BBO,2024-H2,SO,HH,P1,AL,EN,2382
123757,BBO,2024-H2,SO,HH,P1,AL,SC,153
123757,BBO,2024-H2,SO,HH,P1,AL,WS,106
123757,BBO,2024-H2,SO,HH,P1,GL,EN,21075
123757,BBO,2024-H2,SO,HH,P1,GL,SC,1419
123757,BBO,2024-H2,SO,HH,P1,GL,WS,935
123757,BBO,2024-H2,SO,HH,P1,OT,EN,3574
123757,BBO,2024-H2,SO,HH,P1,OT,SC,252
123757,BBO,2024-H2,SO,HH,P1,OT,WS,166
123757,BBO,2024-H2,SO,HH,P1,PC,EN,5244
123757,BBO,2024-H2,SO,HH,P1,PC,SC,346
123757,BBO,2024-H2,SO,HH,P1,PC,WS,229
123757,BBO,2024-H2,SO,HH,P1,PL,EN,6515
123757,BBO,2024-H2,SO,HH,P1,PL,SC,436
123757,BBO,2024-H2,SO,HH,P1,PL,WS,283
123757,BBO,2024-H2,SO,HH,P1,WD,EN,11879
123757,BBO,2024-H2,SO,HH,P1,WD,SC,791
123757,BBO,2024-H2,SO,HH,P1,WD,WS,534
123757,BBO,2024-H2,SO,NH,P3,PC,EN,5940
123757,BBO,2024-H2,SO,NH,P3,PC,SC,416
123757,BBO,2024-H2,SO,NH,P3,PC,WS,272
131676,CBH,2024-H1,IM,HH,P1,PC,EN,87332
131676,CBH,2024-H1,IM,HH,P1,PC,WS,39072
131676,CBH,2024-H1,IM,HH,P1,PL,EN,5908
131676,CBH,2024-H1,IM,HH,P1,PL,WS,2510
131676,CBH,2024-H1,IM,HH,P1,ST,EN,480
131676,CBH,2024-H1,IM,HH,P1,ST,WS,211
131676,CBH,2024-H1,IM,NH,P3,PC,EN,41386
131676,CBH,2024-H1,IM,NH,P3,PC,WS,17787
131676,CBH,2024-H1,IM,NH,P4,WD,EN,5085
131676,CBH,2024-H1,IM,NH,P4,WD,WS,2203
131676,CBH,2024-H2,IM,HH,P1,PC,EN,96628
131676,CBH,2024-H2,IM,HH,P1,PC,WS,40887
131676,CBH,2024-H2,IM,HH,P1,PL,EN,6155
131676,CBH,2024-H2,IM,HH,P1,PL,WS,2643
131676,CBH,2024-H2,IM,HH,P1,ST,EN,510
131676,CBH,2024-H2,IM,HH,P1,ST,WS,246
131676,CBH,2024-H2,IM,NH,P3,PC,EN,42956
131676,CBH,2024-H2,IM,NH,P3,PC,WS,18980
131676,CBH,2024-H2,IM,NH,P4,WD,EN,5402
131676,CBH,2024-H2,IM,NH,P4,WD,WS,2302
147514,CCR,2024-H1,SO,HH,P1,AL,EN,213
147514,CCR,2024-H1,SO,HH,P1,AL,SC,12
147514,CCR,2024-H1,SO,HH,P1,AL,WS,16
147514,CCR,2024-H1,SO,HH,P1,GL,EN,2900
147514,CCR,2024-H1,SO,HH,P1,GL,SC,168
147514,CCR,2024-H1,SO,HH,P1,GL,WS,251
147514,CCR,2024-H1,SO,HH,P1,OT,EN,271
147514,CCR,2024-H1,SO,HH,P1,OT,SC,14
147514,CCR,2024-H1,SO,HH,P1,OT,WS,21
147514,CCR,2024-H1,SO,HH,P1,PC,EN,1983
147514,CCR,2024-H1,SO,HH,P1,PC,SC,108
147514,CCR,2024-H1,SO,HH,P1,PC,WS,153
147514,CCR,2024-H1,SO,HH,P1,PL,EN,1635
147514,CCR,2024-H1,SO,HH,P1,PL,SC,94
147514,CCR,2024-H1,SO,HH,P1,PL,WS,132
147514,CCR,2024-H1,SO,HH,P1,ST,EN,787
147514,CCR,2024-H1,SO,HH,P1,ST,SC,40
147514,CCR,2024-H1,SO,HH,P1,ST,WS,54
147514,CCR,2024-H1,SO,NH,P1,GL,EN,2359
147514,CCR,2024-H1,SO,NH,P1,GL,SC,140
147514,CCR,2024-H1,SO,NH,P1,GL,WS,191
147514,CCR,2024-H1,SO,NH,P1,PL,EN,1292
147514,CCR,2024-H1,SO,NH,P1,PL,SC,75
147514,CCR,2024-H1,SO,NH,P1,PL,WS,103
147514,CCR,2024-H1,SO,NH,P3,PC,EN,8501
147514,CCR,2024-H1,SO,NH,P3,PC,SC,490
147514,CCR,2024-H1,SO,NH,P3,PC,WS,699
147514,CCR,2024-H2,SO,HH,P1,AL,EN,222
147514,CCR,2024-H2,SO,HH,P1,AL,SC,13
147514,CCR,2024-H2,SO,HH,P1,AL,WS,17
147514,CCR,2024-H2,SO,HH,P1,GL,EN,3283
147514,CCR,2024-H2,SO,HH,P1,GL,SC,187
147514,CCR,2024-H2,SO,HH,P1,GL,WS,259
147514,CCR,2024-H2,SO,HH,P1,OT,EN,261
147514,CCR,2024-H2,SO,HH,P1,OT,SC,15
147514,CCR,2024-H2,SO,HH,P1,OT,WS,22
147514,CCR,2024-H2,SO,HH,P1,PC,EN,1938
147514,CCR,2024-H2,SO,HH,P1,PC,SC,110
147514,CCR,2024-H2,SO,HH,P1,PC,WS,147
147514,CCR,2024-H2,SO,HH,P1,PL,EN,1777
147514,CCR,2024-H2,SO,HH,P1,PL,SC,105
147514,CCR,2024-H2,SO,HH,P1,PL,WS,146
147514,CCR,2024-H2,SO,HH,P1,ST,EN,825
147514,CCR,2024-H2,SO,HH,P1,ST,SC,40
147514,CCR,2024-H2,SO,HH,P1,ST,WS,65
147514,CCR,2024-H2,SO,NH,P1,GL,EN,2571
147514,CCR,2024-H2,SO,NH,P1,GL,SC,139
147514,CCR,2024-H2,SO,NH,P1,GL,WS,215
147514,CCR,2024-H2,SO,NH,P1,PL,EN,1279
147514,CCR,2024-H2,SO,NH,P1,PL,SC,73
147514,CCR,2024-H2,SO,NH,P1,PL,WS,106
147514,CCR,2024-H2,SO,NH,P3,PC,EN,9118
147514,CCR,2024-H2,SO,NH,P3,PC,SC,515
147514,CCR,2024-H2,SO,NH,P3,PC,WS,735
155433,GGS,2024-H1,IM,HH,P1,PC,EN,99394
155433,GGS,2024-H1,IM,HH,P1,PC,NI,3551
155433,GGS,2024-H1,IM,HH,P1,PC,SC,9345
155433,GGS,2024-H1,IM,HH,P1,PC,WS,5910
155433,GGS,2024-H1,IM,HH,P1,PL,EN,75973
155433,GGS,2024-H1,IM,HH,P1,PL,NI,2676
155433,GGS,2024-H1,IM,HH,P1,PL,SC,6909
155433,GGS,2024-H1,IM,HH,P1,PL,WS,4346
155433,GGS,2024-H1,IM,HH,P2,PC,EN,1959
155433,GGS,2024-H1,IM,HH,P2,PC,NI,72
155433,GGS,2024-H1,IM,HH,P2,PC,SC,182
155433,GGS,2024-H1,IM,HH,P2,PC,WS,116
155433,GGS,2024-H1,IM,NH,P3,PC,EN,45543
155433,GGS,2024-H1,IM,NH,P3,PC,NI,1602
155433,GGS,2024-H1,IM,NH,P3,PC,SC,4250
155433,GGS,2024-H1,IM,NH,P3,PC,WS,2660
155433,GGS,2024-H1,IM,NH,P4,PL,EN,137
155433,GGS,2024-H1,IM,NH,P4,PL,NI,6
155433,GGS,2024-H1,IM,NH,P4,PL,SC,12
155433,GGS,2024-H1,IM,NH,P4,PL,WS,6
155433,GGS,2024-H1,IM,NH,P4,WD,EN,13911
155433,GGS,2024-H1,IM,NH,P4,WD,NI,488
155433,GGS,2024-H1,IM,NH,P4,WD,SC,1348
155433,GGS,2024-H1,IM,NH,P4,WD,WS,802
155433,GGS,2024-H2,IM,HH,P1,PC,EN,97857
155433,GGS,2024-H2,IM,HH,P1,PC,NI,3440
155433,GGS,2024-H2,IM,HH,P1,PC,SC,9709
155433,GGS,2024-H2,IM,HH,P1,PC,WS,6026
155433,GGS,2024-H2,IM,HH,P1,PL,EN,73688
155433,GGS,2024-H2,IM,HH,P1,PL,NI,2613
155433,GGS,2024-H2,IM,HH,P1,PL,SC,7070
155433,GGS,2024-H2,IM,HH,P1,PL,WS,4572
155433,GGS,2024-H2,IM,HH,P2,PC,EN,2045
155433,GGS,2024-H2,IM,HH,P2,PC,NI,69
155433,GGS,2024-H2,IM,HH,P2,PC,SC,190
155433,GGS,2024-H2,IM,HH,P2,PC,WS,121
155433,GGS,2024-H2,IM,NH,P3,PC,EN,46306
155433,GGS,2024-H2,IM,NH,P3,PC,NI,1592
155433,GGS,2024-H2,IM,NH,P3,PC,SC,4385
155433,GGS,2024-H2,IM,NH,P3,PC,WS,2716
155433,GGS,2024-H2,IM,NH,P4,PL,EN,145
155433,GGS,2024-H2,IM,NH,P4,PL,NI,6
155433,GGS,2024-H2,IM,NH,P4,PL,SC,12
155433,GGS,2024-H2,IM,NH,P4,PL,WS,6
155433,GGS,2024-H2,IM,NH,P4,WD,EN,14642
155433,GGS,2024-H2,IM,NH,P4,WD,NI,522
155433,GGS,2024-H2,IM,NH,P4,WD,SC,1347
155433,GGS,2024-H2,IM,NH,P4,WD,WS,851
139595,MDC,2024-H1,PF,HH,P1,AL,EN,13410
139595,MDC,2024-H1,PF,HH,P1,FC,EN,144234
139595,MDC,2024-H1,PF,HH,P1,PL,EN,443365
139595,MDC,2024-H1,PF,HH,P2,PC,EN,91861
139595,MDC,2024-H1,PF,NH,P1,PC,EN,180319
139595,MDC,2024-H1,PF,NH,P1,PL,EN,43697
139595,MDC,2024-H1,PF,NH,P3,PC,EN,326934
139595,MDC,2024-H1,PF,NH,P3,PL,EN,4799
139595,MDC,2024-H1,PF,NH,P4,PL,EN,2182
139595,MDC,2024-H2,PF,HH,P1,AL,EN,14360
139595,MDC,2024-H2,PF,HH,P1,FC,EN,156410
139595,MDC,2024-H2,PF,HH,P1,PL,EN,483212
139595,MDC,2024-H2,PF,HH,P2,PC,EN,97815
139595,MDC,2024-H2,PF,NH,P1,PC,EN,204392
139595,MDC,2024-H2,PF,NH,P1,PL,EN,48585
139595,MDC,2024-H2,PF,NH,P3,PC,EN,342690
139595,MDC,2024-H2,PF,NH,P3,PL,EN,4927
139595,MDC,2024-H2,PF,NH,P4,PL,EN,2437
163352,SPF,2024-H1,SO,HH,P1,AL,EN,13446
163352,SPF,2024-H1,SO,HH,P1,AL,NI,474
163352,SPF,2024-H1,SO,HH,P1,AL,SC,1313
163352,SPF,2024-H1,SO,HH,P1,AL,WS,805
163352,SPF,2024-H1,SO,HH,P1,PC,EN,2905
163352,SPF,2024-H1,SO,HH,P1,PC,NI,109
163352,SPF,2024-H1,SO,HH,P1,PC,SC,296
163352,SPF,2024-H1,SO,HH,P1,PC,WS,173
163352,SPF,2024-H1,SO,HH,P1,PL,EN,88134
163352,SPF,2024-H1,SO,HH,P1,PL,NI,3271
163352,SPF,2024-H1,SO,HH,P1,PL,SC,8605
163352,SPF,2024-H1,SO,HH,P1,PL,WS,5438
163352,SPF,2024-H1,SO,HH,P1,ST,EN,71481
163352,SPF,2024-H1,SO,HH,P1,ST,NI,2478
163352,SPF,2024-H1,SO,HH,P1,ST,SC,6655
163352,SPF,2024-H1,SO,HH,P1,ST,WS,4042
163352,SPF,2024-H1,SO,HH,P2,PC,EN,6862
163352,SPF,2024-H1,SO,HH,P2,PC,NI,248
163352,SPF,2024-H1,SO,HH,P2,PC,SC,677
163352,SPF,2024-H1,SO,HH,P2,PC,WS,430
163352,SPF,2024-H1,SO,NH,P1,PC,EN,204920
163352,SPF,2024-H1,SO,NH,P1,PC,NI,7214
163352,SPF,2024-H1,SO,NH,P1,PC,SC,19569
163352,SPF,2024-H1,SO,NH,P1,PC,WS,12187
163352,SPF,2024-H1,SO,NH,P3,PC,EN,144863
163352,SPF,2024-H1,SO,NH,P3,PC,NI,5065
163352,SPF,2024-H1,SO,NH,P3,PC,SC,13995
163352,SPF,2024-H1,SO,NH,P3,PC,WS,8589
163352,SPF,2024-H1,SO,NH,P3,PL,EN,2115
163352,SPF,2024-H1,SO,NH,P3,PL,NI,73
163352,SPF,2024-H1,SO,NH,P3,PL,SC,212
163352,SPF,2024-H1,SO,NH,P3,PL,WS,123
163352,SPF,2024-H1,SO,NH,P4,PL,EN,5022
163352,SPF,2024-H1,SO,NH,P4,PL,NI,179
163352,SPF,2024-H1,SO,NH,P4,PL,SC,493
163352,SPF,2024-H1,SO,NH,P4,PL,WS,287
163352,SPF,2024-H2,SO,HH,P1,AL,EN,14500
163352,SPF,2024-H2,SO,HH,P1,AL,NI,533
163352,SPF,2024-H2,SO,HH,P1,AL,SC,1413
163352,SPF,2024-H2,SO,HH,P1,AL,WS,873
163352,SPF,2024-H2,SO,HH,P1,PC,EN,3154
163352,SPF,2024-H2,SO,HH,P1,PC,NI,111
163352,SPF,2024-H2,SO,HH,P1,PC,SC,312
163352,SPF,2024-H2,SO,HH,P1,PC,WS,191
163352,SPF,2024-H2,SO,HH,P1,PL,EN,98478
163352,SPF,2024-H2,SO,HH,P1,PL,NI,3690
163352,SPF,2024-H2,SO,HH,P1,PL,SC,9270
163352,SPF,2024-H2,SO,HH,P1,PL,WS,5425
163352,SPF,2024-H2,SO,HH,P1,ST,EN,71498
163352,SPF,2024-H2,SO,HH,P1,ST,NI,2630
163352,SPF,2024-H2,SO,HH,P1,ST,SC,6657
163352,SPF,2024-H2,SO,HH,P1,ST,WS,4283
163352,SPF,2024-H2,SO,HH,P2,PC,EN,7358
163352,SPF,2024-H2,SO,HH,P2,PC,NI,272
163352,SPF,2024-H2,SO,HH,P2,PC,SC,703
163352,SPF,2024-H2,SO,HH,P2,PC,WS,438
163352,SPF,2024-H2,SO,NH,P1,PC,EN,215806
163352,SPF,2024-H2,SO,NH,P1,PC,NI,8008
163352,SPF,2024-H2,SO,NH,P1,PC,SC,21067
163352,SPF,2024-H2,SO,NH,P1,PC,WS,12520
163352,SPF,2024-H2,SO,NH,P3,PC,EN,165222
163352,SPF,2024-H2,SO,NH,P3,PC,NI,5895
163352,SPF,2024-H2,SO,NH,P3,PC,SC,15007
163352,SPF,2024-H2,SO,NH,P3,PC,WS,9164
163352,SPF,2024-H2,SO,NH,P3,PL,EN,2255
163352,SPF,2024-H2,SO,NH,P3,PL,NI,80
163352,SPF,2024-H2,SO,NH,P3,PL,SC,214
163352,SPF,2024-H2,SO,NH,P3,PL,WS,126
163352,SPF,2024-H2,SO,NH,P4,PL,EN,5185
163352,SPF,2024-H2,SO,NH,P4,PL,NI,206
163352,SPF,2024-H2,SO,NH,P4,PL,SC,527
163352,SPF,2024-H2,SO,NH,P4,PL,WS,323
115838,SSN,2024-H1,SO,HH,P1,AL,EN,1740
115838,SSN,2024-H1,SO,HH,P1,AL,NI,60
115838,SSN,2024-H1,SO,HH,P1,AL,SC,161
115838,SSN,2024-H1,SO,HH,P1,AL,WS,100
115838,SSN,2024-H1,SO,HH,P1,FC,EN,34863
115838,SSN,2024-H1,SO,HH,P1,FC,NI,1212
115838,SSN,2024-H1,SO,HH,P1,FC,SC,3350
115838,SSN,2024-H1,SO,HH,P1,FC,WS,2099
115838,SSN,2024-H1,SO,HH,P1,PC,EN,2102
115838,SSN,2024-H1,SO,HH,P1,PC,NI,68
115838,SSN,2024-H1,SO,HH,P1,PC,SC,186
115838,SSN,2024-H1,SO,HH,P1,PC,WS,114
115838,SSN,2024-H1,SO,HH,P1,PL,EN,21291
115838,SSN,2024-H1,SO,HH,P1,PL,NI,747
115838,SSN,2024-H1,SO,HH,P1,PL,SC,1982
115838,SSN,2024-H1,SO,HH,P1,PL,WS,1238
115838,SSN,2024-H1,SO,HH,P1,ST,EN,44530
115838,SSN,2024-H1,SO,HH,P1,ST,NI,1614
115838,SSN,2024-H1,SO,HH,P1,ST,SC,3974
115838,SSN,2024-H1,SO,HH,P1,ST,WS,2640
115838,SSN,2024-H1,SO,HH,P2,PL,EN,9027
115838,SSN,2024-H1,SO,HH,P2,PL,NI,324
115838,SSN,2024-H1,SO,HH,P2,PL,SC,890
115838,SSN,2024-H1,SO,HH,P2,PL,WS,552
115838,SSN,2024-H1,SO,NH,P1,PC,EN,91491
115838,SSN,2024-H1,SO,NH,P1,PC,NI,3419
115838,SSN,2024-H1,SO,NH,P1,PC,SC,8996
115838,SSN,2024-H1,SO,NH,P1,PC,WS,5610
115838,SSN,2024-H1,SO,NH,P1,PL,EN,9679
115838,SSN,2024-H1,SO,NH,P1,PL,NI,358
115838,SSN,2024-H1,SO,NH,P1,PL,SC,966
115838,SSN,2024-H1,SO,NH,P1,PL,WS,594
115838,SSN,2024-H1,SO,NH,P3,PC,EN,121377
115838,SSN,2024-H1,SO,NH,P3,PC,NI,4300
115838,SSN,2024-H1,SO,NH,P3,PC,SC,11618
115838,SSN,2024-H1,SO,NH,P3,PC,WS,7311
115838,SSN,2024-H1,SO,NH,P4,PL,EN,905
115838,SSN,2024-H1,SO,NH,P4,PL,NI,34
115838,SSN,2024-H1,SO,NH,P4,PL,SC,85
115838,SSN,2024-H1,SO,NH,P4,PL,WS,53
115838,SSN,2024-H2,SO,HH,P1,AL,EN,1721
115838,SSN,2024-H2,SO,HH,P1,AL,NI,64
115838,SSN,2024-H2,SO,HH,P1,AL,SC,166
115838,SSN,2024-H2,SO,HH,P1,AL,WS,101
115838,SSN,2024-H2,SO,HH,P1,FC,EN,35152
115838,SSN,2024-H2,SO,HH,P1,FC,NI,1233
115838,SSN,2024-H2,SO,HH,P1,FC,SC,3463
115838,SSN,2024-H2,SO,HH,P1,FC,WS,2166
115838,SSN,2024-H2,SO,HH,P1,PC,EN,1943
115838,SSN,2024-H2,SO,HH,P1,PC,NI,69
115838,SSN,2024-H2,SO,HH,P1,PC,SC,195
115838,SSN,2024-H2,SO,HH,P1,PC,WS,120
115838,SSN,2024-H2,SO,HH,P1,PL,EN,22518
115838,SSN,2024-H2,SO,HH,P1,PL,NI,736
115838,SSN,2024-H2,SO,HH,P1,PL,SC,2115
115838,SSN,2024-H2,SO,HH,P1,PL,WS,1312
115838,SSN,2024-H2,SO,HH,P1,ST,EN,43110
115838,SSN,2024-H2,SO,HH,P1,ST,NI,1594
115838,SSN,2024-H2,SO,HH,P1,ST,SC,4432
115838,SSN,2024-H2,SO,HH,P1,ST,WS,2722
115838,SSN,2024-H2,SO,HH,P2,PL,EN,9501
115838,SSN,2024-H2,SO,HH,P2,PL,NI,325
115838,SSN,2024-H2,SO,HH,P2,PL,SC,875
115838,SSN,2024-H2,SO,HH,P2,PL,WS,568
115838,SSN,2024-H2,SO,NH,P1,PC,EN,99545
115838,SSN,2024-H2,SO,NH,P1,PC,NI,3578
115838,SSN,2024-H2,SO,NH,P1,PC,SC,9507
115838,SSN,2024-H2,SO,NH,P1,PC,WS,6251
115838,SSN,2024-H2,SO,NH,P1,PL,EN,10588
115838,SSN,2024-H2,SO,NH,P1,PL,NI,369
115838,SSN,2024-H2,SO,NH,P1,PL,SC,1027
115838,SSN,2024-H2,SO,NH,P1,PL,WS,650
115838,SSN,2024-H2,SO,NH,P3,PC,EN,129292
115838,SSN,2024-H2,SO,NH,P3,PC,NI,4442
115838,SSN,2024-H2,SO,NH,P3,PC,SC,11975
115838,SSN,2024-H2,SO,NH,P3,PC,WS,7401
115838,SSN,2024-H2,SO,NH,P4,PL,EN,964
115838,SSN,2024-H2,SO,NH,P4,PL,NI,34
115838,SSN,2024-H2,SO,NH,P4,PL,SC,90
115838,SSN,2024-H2,SO,NH,P4,PL,WS,55
